{"0":false,"onepress_contact_cf7":"[contact-form-7 id=\"6\" title=\"Contact form 1\"]","onepress_contact_text":"<h4>WE ARE ACCEPTING NEW PROJECTS.<\/h4>\n<p>Dorem ipsum dolor sit amet, consectetur adipiscing elit. Suspendisse pulvinar scelerisque dictum. Donec iaculis, diam sit amet suscipit feugiat, diam magna volutpat augue.<\/p>\n<p>Consectetur adipiscing elit. Suspendisse pulvinar scelerisque dictum. Donec iaculis, diam sit amet suscipit feugiat, diam magna volutpat augue.<\/p>","onepress_contact_address_title":"Pulvinar scelerisque","onepress_contact_address":"1 Infinite Loop <br> Cupertino <br> CA 95014 <br> United States","onepress_contact_phone":"1.123.456.789","onepress_contact_email":"contact@company.com","onepress_contact_fax":"Fax: (123) 123-4567","onepress_social_disable":0,"onepress_social_twitter":"#","onepress_social_facebook":"#","onepress_social_google":"#","onepress_social_instagram":"#","onepress_newsletter_disable":0,"onepress_newsletter_mailchimp":"\/\/famethemes.us8.list-manage.com\/subscribe\/post?u=521c400d049a59a4b9c0550c2&#038;id=83187e0006","onepress_team_members":"[{\"user_id\":{\"url\":\"http:\\\/\\\/demos.famethemes.com\\\/onepress\\\/wp-content\\\/uploads\\\/sites\\\/17\\\/2016\\\/02\\\/team5.jpg\",\"id\":11}},{\"user_id\":{\"url\":\"http:\\\/\\\/demos.famethemes.com\\\/onepress\\\/wp-content\\\/uploads\\\/sites\\\/17\\\/2016\\\/02\\\/team3.jpg\",\"id\":9}},{\"user_id\":{\"url\":\"http:\\\/\\\/demos.famethemes.com\\\/onepress\\\/wp-content\\\/uploads\\\/sites\\\/17\\\/2016\\\/02\\\/team2.jpg\",\"id\":8}},{\"user_id\":{\"url\":\"http:\\\/\\\/demos.famethemes.com\\\/onepress\\\/wp-content\\\/uploads\\\/sites\\\/17\\\/2016\\\/02\\\/team6.jpg\",\"id\":12}}]","onepress_hero_images":"[{\"image\":{\"url\":\"http:\\\/\\\/demos.famethemes.com\\\/onepress\\\/wp-content\\\/uploads\\\/sites\\\/17\\\/2016\\\/02\\\/blog1.jpg\",\"id\":36}},{\"image\":{\"url\":\"http:\\\/\\\/demos.famethemes.com\\\/onepress\\\/wp-content\\\/uploads\\\/sites\\\/17\\\/2016\\\/02\\\/business1.jpg\",\"id\":1179}}]","onepress_hero_overlay_color":"rgba(0,0,0,0.3)","onepress_site_image_logo":"http:\/\/demos.famethemes.com\/onepress\/wp-content\/uploads\/sites\/17\/2016\/02\/logo.png","onepress_about_boxes":"[{\"content_page\":\"17\"},{\"content_page\":\"22\"}]","onepress_services":"[{\"icon\":\"wikipedia-w\",\"content_page\":\"23\"},{\"icon\":\"gg\",\"content_page\":\"24\"},{\"icon\":\"balance-scale\",\"content_page\":\"25\"},{\"icon\":\"object-group\",\"content_page\":\"26\"}]","nav_menu_locations":{"primary":2},"onepress_news_more_link":"http:\/\/demos.famethemes.com\/onepress\/news","onepress_videolightbox_title":"Parallax Effect - <strong>Perfected<\/strong>","onepress_videolightbox_url":"https:\/\/www.youtube.com\/watch?v=yUCFRL43Zm4","onepress_videolightbox_image":"http:\/\/demos.famethemes.com\/onepress\/wp-content\/uploads\/sites\/17\/2016\/02\/blog1.jpg","onepress_counter_title":"","onepress_counter_subtitle":"Some Fun Facts about our agency?","onepress_counter_boxes":"[{\"title\":\"Projects completed\",\"number\":\"368\",\"unit_before\":\"\",\"unit_after\":\"\"},{\"title\":\"Positive feedback\",\"number\":\"99\",\"unit_before\":\"\",\"unit_after\":\"%\"},{\"title\":\"Pizzas ordered\",\"number\":\"254\",\"unit_before\":\"\",\"unit_after\":\"\"},{\"title\":\"Average cost per hour\",\"number\":\"32\",\"unit_before\":\"$\",\"unit_after\":\"\"}]","onepress_hero_fullscreen":0,"onepress_hero_overlay_opacity":"0.6","onepress_about_desc":"We provide <i>creative solutions<\/i> to clients around the world,<br>\ncreating things that get attention and meaningful.","onepress_features_boxes":"[{\"title\":\"Responsive Design\",\"icon\":\"fa-laptop\",\"desc\":\"The theme is responsive, your website will look great on touch devices.\",\"link\":\"\"},{\"title\":\"Parallax Effect\",\"icon\":\"photo\",\"desc\":\"Create memorable pages with smooth parallax effects that everyone loves.\",\"link\":\"\"},{\"title\":\"WooCommerce\",\"icon\":\"fa-cart-arrow-down\",\"desc\":\"Build a front page for your WooCommerce store in minutes.\",\"link\":\"\"},{\"title\":\"Content Blocks\",\"icon\":\"reorder\",\"desc\":\"Change the sections contents, display each block exactly where you need it.\",\"link\":\"\"}]"}