{"0":false,"onepress_contact_cf7":"[contact-form-7 id=\"6\" title=\"Contact form 1\"]","onepress_contact_text":"<h4>WE ARE ACCEPTING NEW PROJECTS.<\/h4>\n<p>Dorem ipsum dolor sit amet, consectetur adipiscing elit. Suspendisse pulvinar scelerisque dictum. Donec iaculis, diam sit amet suscipit feugiat, diam magna volutpat augue.<\/p>\n<p>Consectetur adipiscing elit. Suspendisse pulvinar scelerisque dictum. Donec iaculis, diam sit amet suscipit feugiat, diam magna volutpat augue.<\/p>","onepress_contact_address_title":"Pulvinar scelerisque","onepress_contact_address":"1 Infinite Loop <br> Cupertino <br> CA 95014 <br> United States","onepress_contact_phone":"1.123.456.789","onepress_contact_email":"contact@company.com","onepress_contact_fax":"Fax: (123) 123-4567","onepress_social_disable":0,"onepress_social_twitter":"#","onepress_social_facebook":"#","onepress_social_google":"#","onepress_social_instagram":"#","onepress_newsletter_disable":0,"onepress_newsletter_mailchimp":"\/\/famethemes.us8.list-manage.com\/subscribe\/post?u=521c400d049a59a4b9c0550c2&#038;id=83187e0006","onepress_team_members":"[{\"user_id\":{\"url\":\"http:\\\/\\\/demos.famethemes.com\\\/onepress-plus\\\/wp-content\\\/uploads\\\/sites\\\/18\\\/2016\\\/02\\\/team5.jpg\",\"id\":11},\"url\":\"#\",\"facebook\":\"#\",\"twitter\":\"#\",\"google_plus\":\"#\",\"linkedin\":\"#\"},{\"user_id\":{\"url\":\"http:\\\/\\\/demos.famethemes.com\\\/onepress-plus\\\/wp-content\\\/uploads\\\/sites\\\/18\\\/2016\\\/02\\\/team3.jpg\",\"id\":9},\"url\":\"#\",\"facebook\":\"#\",\"twitter\":\"#\",\"google_plus\":\"#\",\"linkedin\":\"#\"},{\"user_id\":{\"url\":\"http:\\\/\\\/demos.famethemes.com\\\/onepress-plus\\\/wp-content\\\/uploads\\\/sites\\\/18\\\/2016\\\/02\\\/team2.jpg\",\"id\":8},\"url\":\"#\",\"facebook\":\"#\",\"twitter\":\"#\",\"google_plus\":\"#\",\"linkedin\":\"#\"},{\"user_id\":{\"url\":\"http:\\\/\\\/demos.famethemes.com\\\/onepress-plus\\\/wp-content\\\/uploads\\\/sites\\\/18\\\/2016\\\/02\\\/team6.jpg\",\"id\":12},\"url\":\"#\",\"facebook\":\"#\",\"twitter\":\"#\",\"google_plus\":\"#\",\"linkedin\":\"#\"},{\"user_id\":{\"url\":\"http:\\\/\\\/demos.famethemes.com\\\/onepress-plus\\\/wp-content\\\/uploads\\\/sites\\\/18\\\/2016\\\/02\\\/team8.jpg\",\"id\":14},\"url\":\"#\",\"facebook\":\"#\",\"twitter\":\"#\",\"google_plus\":\"#\",\"linkedin\":\"#\"},{\"user_id\":{\"url\":\"http:\\\/\\\/demos.famethemes.com\\\/onepress-plus\\\/wp-content\\\/uploads\\\/sites\\\/18\\\/2016\\\/02\\\/team1.jpg\",\"id\":7},\"url\":\"#\",\"facebook\":\"#\",\"twitter\":\"#\",\"google_plus\":\"#\",\"linkedin\":\"#\"},{\"user_id\":{\"url\":\"http:\\\/\\\/demos.famethemes.com\\\/onepress-plus\\\/wp-content\\\/uploads\\\/sites\\\/18\\\/2016\\\/02\\\/team7.jpg\",\"id\":13},\"url\":\"#\",\"facebook\":\"#\",\"twitter\":\"#\",\"google_plus\":\"#\",\"linkedin\":\"#\"},{\"user_id\":{\"url\":\"http:\\\/\\\/demos.famethemes.com\\\/onepress-plus\\\/wp-content\\\/uploads\\\/sites\\\/18\\\/2016\\\/02\\\/team4.jpg\",\"id\":10},\"url\":\"#\",\"facebook\":\"#\",\"twitter\":\"#\",\"google_plus\":\"#\",\"linkedin\":\"#\"}]","onepress_hero_images":"[{\"image\":{\"url\":\"http:\\\/\\\/demos.famethemes.com\\\/onepress-plus\\\/wp-content\\\/uploads\\\/sites\\\/18\\\/2016\\\/03\\\/Wall-Sketching.jpg\",\"id\":1243}},{\"image\":{\"url\":\"http:\\\/\\\/demos.famethemes.com\\\/onepress-plus\\\/wp-content\\\/uploads\\\/sites\\\/18\\\/2016\\\/02\\\/hero4.jpg\",\"id\":15}}]","onepress_hero_overlay_color":"rgba(0,0,0,0)","onepress_site_image_logo":"http:\/\/demos.famethemes.com\/onepress-plus\/wp-content\/uploads\/sites\/18\/2016\/02\/logo.png","onepress_about_boxes":"[{\"content_page\":\"17\"},{\"content_page\":\"21\"},{\"content_page\":\"22\"}]","onepress_services":"[{\"icon\":\"wikipedia-w\",\"content_page\":\"23\"},{\"icon\":\"gg\",\"content_page\":\"24\"},{\"icon\":\"balance-scale\",\"content_page\":\"25\"},{\"icon\":\"object-group\",\"content_page\":\"26\"},{\"icon\":\"bar-chart\",\"content_page\":\"1206\"},{\"icon\":\"credit-card\",\"content_page\":\"1207\"}]","nav_menu_locations":{"primary":2},"onepress_news_more_link":"http:\/\/demos.famethemes.com\/onepress-plus\/news","onepress_cta_btn_link":"#","onepress_section_order_styling":"[{\"add_by\":\"\",\"title\":\"Features\",\"section_id\":\"features\",\"show_section\":1,\"subtitle\":\"\",\"desc\":\"\",\"content\":\"\",\"bg_type\":\"color\",\"bg_color\":\"\",\"bg_image\":{\"url\":\"\",\"id\":\"\"},\"bg_video\":{\"url\":\"\",\"id\":\"\"},\"bg_video_webm\":{\"url\":\"\",\"id\":\"\"},\"bg_video_ogv\":{\"url\":\"\",\"id\":\"\"},\"bg_opacity_color\":\"\",\"padding_top\":\"\",\"padding_bottom\":\"\"},{\"add_by\":\"\",\"title\":\"About\",\"section_id\":\"about\",\"show_section\":1,\"subtitle\":\"\",\"desc\":\"\",\"content\":\"\",\"bg_type\":\"color\",\"bg_color\":\"\",\"bg_image\":{\"url\":\"\",\"id\":\"\"},\"bg_video\":{\"url\":\"\",\"id\":\"\"},\"bg_video_webm\":{\"url\":\"\",\"id\":\"\"},\"bg_video_ogv\":{\"url\":\"\",\"id\":\"\"},\"bg_opacity_color\":\"\",\"padding_top\":\"\",\"padding_bottom\":\"\"},{\"add_by\":\"\",\"title\":\"Videolightbox\",\"section_id\":\"videolightbox\",\"show_section\":1,\"section_inverse\":1,\"subtitle\":\"\",\"desc\":\"\",\"content\":\"\",\"bg_type\":\"image\",\"bg_color\":\"\",\"bg_image\":{\"url\":\"http:\\\/\\\/demos.famethemes.com\\\/onepress-plus\\\/wp-content\\\/themes\\\/onepress\\\/assets\\\/images\\\/hero5.jpg\",\"id\":\"\"},\"enable_parallax\":1,\"bg_video\":{\"url\":\"\",\"id\":\"\"},\"bg_video_webm\":{\"url\":\"\",\"id\":\"\"},\"bg_video_ogv\":{\"url\":\"\",\"id\":\"\"},\"bg_opacity_color\":\"rgba(27,184,232,0.29)\",\"padding_top\":\"\",\"padding_bottom\":\"\"},{\"add_by\":\"\",\"title\":\"Services\",\"section_id\":\"services\",\"show_section\":1,\"subtitle\":\"\",\"desc\":\"\",\"content\":\"\",\"bg_type\":\"color\",\"bg_color\":\"\",\"bg_image\":{\"url\":\"\",\"id\":\"\"},\"bg_video\":{\"url\":\"\",\"id\":\"\"},\"bg_video_webm\":{\"url\":\"\",\"id\":\"\"},\"bg_video_ogv\":{\"url\":\"\",\"id\":\"\"},\"bg_opacity_color\":\"\",\"padding_top\":\"\",\"padding_bottom\":\"\"},{\"add_by\":\"\",\"title\":\"Projects\",\"section_id\":\"projects\",\"show_section\":1,\"subtitle\":\"\",\"desc\":\"\",\"content\":\"\",\"bg_type\":\"color\",\"bg_color\":\"\",\"bg_image\":{\"url\":\"\",\"id\":\"\"},\"bg_video\":{\"url\":\"\",\"id\":\"\"},\"bg_video_webm\":{\"url\":\"\",\"id\":\"\"},\"bg_video_ogv\":{\"url\":\"\",\"id\":\"\"},\"bg_opacity_color\":\"\",\"padding_top\":\"\",\"padding_bottom\":\"\"},{\"add_by\":\"\",\"title\":\"Counter\",\"section_id\":\"counter\",\"show_section\":1,\"section_inverse\":1,\"subtitle\":\"\",\"desc\":\"\",\"content\":\"\",\"bg_type\":\"color\",\"bg_color\":\"\",\"bg_image\":{\"url\":\"\",\"id\":\"\"},\"bg_video\":{\"url\":\"\",\"id\":\"\"},\"bg_video_webm\":{\"url\":\"\",\"id\":\"\"},\"bg_video_ogv\":{\"url\":\"\",\"id\":\"\"},\"bg_opacity_color\":\"\",\"padding_top\":\"\",\"padding_bottom\":\"\"},{\"add_by\":\"\",\"title\":\"Testimonials\",\"section_id\":\"testimonials\",\"show_section\":1,\"subtitle\":\"\",\"desc\":\"\",\"content\":\"\",\"bg_type\":\"color\",\"bg_color\":\"\",\"bg_image\":{\"url\":\"\",\"id\":\"\"},\"bg_video\":{\"url\":\"\",\"id\":\"\"},\"bg_video_webm\":{\"url\":\"\",\"id\":\"\"},\"bg_video_ogv\":{\"url\":\"\",\"id\":\"\"},\"bg_opacity_color\":\"\",\"padding_top\":\"\",\"padding_bottom\":\"\"},{\"add_by\":\"\",\"title\":\"Pricing\",\"section_id\":\"pricing\",\"show_section\":1,\"section_inverse\":1,\"subtitle\":\"\",\"desc\":\"\",\"content\":\"\",\"bg_type\":\"image\",\"bg_color\":\"\",\"bg_image\":{\"url\":\"http:\\\/\\\/demos.famethemes.com\\\/onepress-plus\\\/wp-content\\\/uploads\\\/sites\\\/18\\\/2016\\\/02\\\/hero4.jpg\",\"id\":15},\"enable_parallax\":1,\"bg_video\":{\"url\":\"\",\"id\":\"\"},\"bg_video_webm\":{\"url\":\"\",\"id\":\"\"},\"bg_video_ogv\":{\"url\":\"\",\"id\":\"\"},\"bg_opacity_color\":\"rgba(31,197,209,0.45)\",\"padding_top\":\"\",\"padding_bottom\":\"\"},{\"add_by\":\"\",\"title\":\"Call to Action\",\"section_id\":\"cta\",\"show_section\":1,\"section_inverse\":1,\"subtitle\":\"\",\"desc\":\"\",\"content\":\"\",\"bg_type\":\"color\",\"bg_color\":\"\",\"bg_image\":{\"url\":\"\",\"id\":\"\"},\"bg_video\":{\"url\":\"\",\"id\":\"\"},\"bg_video_webm\":{\"url\":\"\",\"id\":\"\"},\"bg_video_ogv\":{\"url\":\"\",\"id\":\"\"},\"bg_opacity_color\":\"\",\"padding_top\":\"\",\"padding_bottom\":\"\"},{\"add_by\":\"\",\"title\":\"Team\",\"section_id\":\"team\",\"show_section\":1,\"subtitle\":\"\",\"desc\":\"\",\"content\":\"\",\"bg_type\":\"color\",\"bg_color\":\"\",\"bg_image\":{\"url\":\"\",\"id\":\"\"},\"bg_video\":{\"url\":\"\",\"id\":\"\"},\"bg_video_webm\":{\"url\":\"\",\"id\":\"\"},\"bg_video_ogv\":{\"url\":\"\",\"id\":\"\"},\"bg_opacity_color\":\"\",\"padding_top\":\"\",\"padding_bottom\":\"\"},{\"add_by\":\"\",\"title\":\"News\",\"section_id\":\"news\",\"show_section\":1,\"subtitle\":\"\",\"desc\":\"\",\"content\":\"\",\"bg_type\":\"color\",\"bg_color\":\"\",\"bg_image\":{\"url\":\"\",\"id\":\"\"},\"bg_video\":{\"url\":\"\",\"id\":\"\"},\"bg_video_webm\":{\"url\":\"\",\"id\":\"\"},\"bg_video_ogv\":{\"url\":\"\",\"id\":\"\"},\"bg_opacity_color\":\"\",\"padding_top\":\"\",\"padding_bottom\":\"\"},{\"add_by\":\"\",\"title\":\"Map\",\"section_id\":\"map\",\"show_section\":1,\"subtitle\":\"\",\"desc\":\"\",\"content\":\"\",\"bg_type\":\"color\",\"bg_color\":\"\",\"bg_image\":{\"url\":\"\",\"id\":\"\"},\"bg_video\":{\"url\":\"\",\"id\":\"\"},\"bg_video_webm\":{\"url\":\"\",\"id\":\"\"},\"bg_video_ogv\":{\"url\":\"\",\"id\":\"\"},\"bg_opacity_color\":\"\",\"padding_top\":\"\",\"padding_bottom\":\"\"},{\"add_by\":\"\",\"title\":\"Contact\",\"section_id\":\"contact\",\"show_section\":1,\"subtitle\":\"\",\"desc\":\"\",\"content\":\"\",\"bg_type\":\"color\",\"bg_color\":\"\",\"bg_image\":{\"url\":\"\",\"id\":\"\"},\"bg_video\":{\"url\":\"\",\"id\":\"\"},\"bg_video_webm\":{\"url\":\"\",\"id\":\"\"},\"bg_video_ogv\":{\"url\":\"\",\"id\":\"\"},\"bg_opacity_color\":\"\",\"padding_top\":\"\",\"padding_bottom\":\"\"}]","onepress_hero_video_mp4":"1240","onepress_hero_video_webm":"1242","onepress_hero_fullscreen":0,"onepress_hero_pdtop":"12","onepress_hero_pdbotom":"12","onepress_hero_parallax":0,"onepress_hero_overlay_opacity":"0.5","onepress_hcl1_smalltext":"Place a short tagline here and large welcome message like above. <br> Unlimited background slides, parallax effect and video background too.","onepress_videolightbox_title":"One Page WORDPRESS Theme, <strong>PERFECTED<\/strong>","onepress_videolightbox_url":"https:\/\/www.youtube.com\/watch?v=yUCFRL43Zm4","onepress_project_ajax":0,"onepress_counter_title":"","onepress_counter_subtitle":"Some Fun Facts about our agency?","onepress_counter_boxes":"[{\"title\":\"Projects completed\",\"number\":\"368\",\"unit_before\":\"\",\"unit_after\":\"\"},{\"title\":\"Positive feedback\",\"number\":\"99\",\"unit_before\":\"\",\"unit_after\":\"%\"},{\"title\":\"Pizzas ordered\",\"number\":\"456\",\"unit_before\":\"\",\"unit_after\":\"\"},{\"title\":\"Average cost per hour\",\"number\":\"36\",\"unit_before\":\"$\",\"unit_after\":\"\"}]","onepress_features_boxes":"[{\"title\":\"Responsive Design\",\"icon\":\"fa-laptop\",\"desc\":\"The theme is responsive, your website will look great on touch devices.\",\"link\":\"\"},{\"title\":\"Parallax Effect\",\"icon\":\"photo\",\"desc\":\"Create memorable pages with smooth parallax effects that everyone loves.\",\"link\":\"\"},{\"title\":\"WooCommerce\",\"icon\":\"fa-cart-arrow-down\",\"desc\":\"Build a front page for your WooCommerce store in minutes.\",\"link\":\"\"},{\"title\":\"Content Blocks\",\"icon\":\"reorder\",\"desc\":\"Change the sections contents, display each block exactly where you need it.\",\"link\":\"\"}]","onepress_about_desc":"We provide <i>creative solutions<\/i> to clients around the world,<br>\ncreating things that get attention and meaningful.","onepress_hero_video_ogv":"1241","onepress_hero_mobile_img":1}